{"0":-0.1170676052570343,"1":0.043516695499420166,"2":0.09044361859560013,"3":-0.025792241096496582,"4":-0.12597501277923584,"5":0.003015061840415001,"6":-0.050937436521053314,"7":0.01239439845085144,"8":0.2034766525030136,"9":-0.0698278620839119,"10":0.1960371434688568,"11":0.005485130939632654,"12":-0.16339078545570374,"13":-0.08040667325258255,"14":-0.039993733167648315,"15":0.06423081457614899,"16":-0.20854167640209198,"17":-0.0789274126291275,"18":-0.010800022631883621,"19":-0.0745050236582756,"20":0.10826022177934647,"21":0.03807663917541504,"22":0.018332133069634438,"23":0.06403355300426483,"24":-0.16922099888324738,"25":-0.3553937077522278,"26":-0.04335145279765129,"27":-0.17105452716350555,"28":0.0871821865439415,"29":-0.15327300131320953,"30":-0.021819526329636574,"31":-0.028292907401919365,"32":-0.12362001091241837,"33":-0.03556293249130249,"34":-0.058956049382686615,"35":0.12118741124868393,"36":0.017698466777801514,"37":-0.078704833984375,"38":0.1385228931903839,"39":0.0005526302265934646,"40":-0.17139510810375214,"41":0.03445025533437729,"42":-0.06221341714262962,"43":0.30210623145103455,"44":0.17791736125946045,"45":0.04871522635221481,"46":0.04365762695670128,"47":-0.05127210170030594,"48":0.21441245079040527,"49":-0.25463297963142395,"50":0.13989727199077606,"51":0.1289222687482834,"52":0.11928214877843857,"53":-0.004011859651654959,"54":0.11290633678436279,"55":-0.16368117928504944,"56":-0.04797857627272606,"57":0.20521514117717743,"58":-0.21260569989681244,"59":0.11515859514474869,"60":0.032026320695877075,"61":0.02513095922768116,"62":0.04287460446357727,"63":-0.10003329068422318,"64":0.19536039233207703,"65":0.14486229419708252,"66":-0.12056071311235428,"67":-0.14541344344615936,"68":0.12214305251836777,"69":-0.16022160649299622,"70":-0.05398337170481682,"71":0.08081279695034027,"72":-0.1125100627541542,"73":-0.15697456896305084,"74":-0.26467612385749817,"75":0.06479223072528839,"76":0.43388891220092773,"77":0.15161986649036407,"78":-0.1655736118555069,"79":-0.018621668219566345,"80":-0.14968353509902954,"81":-0.004433952737599611,"82":0.047211550176143646,"83":0.07310328632593155,"84":-0.06623804569244385,"85":0.018141530454158783,"86":-0.13311630487442017,"87":0.0030683886725455523,"88":0.13731107115745544,"89":0.023631082847714424,"90":-0.026831259950995445,"91":0.2070036232471466,"92":0.0105662876740098,"93":0.013443226926028728,"94":-0.011633001267910004,"95":-0.008428617380559444,"96":-0.190640389919281,"97":0.06541402637958527,"98":-0.06212647631764412,"99":-0.04357943311333656,"100":0.01732202246785164,"101":-0.07836765050888062,"102":0.027742596343159676,"103":0.07678806036710739,"104":-0.21891666948795319,"105":0.18321533501148224,"106":-0.025463547557592392,"107":0.014425406232476234,"108":0.02168942056596279,"109":-0.0024689738638699055,"110":-0.10906090587377548,"111":0.023051396012306213,"112":0.19924558699131012,"113":-0.3002452850341797,"114":0.1700337827205658,"115":0.14377450942993164,"116":0.12167176604270935,"117":0.22516211867332458,"118":0.0485709086060524,"119":0.05071636661887169,"120":-0.017054082825779915,"121":-0.03678043559193611,"122":-0.1719583421945572,"123":0.007974434643983841,"124":-0.004531772807240486,"125":-0.06458130478858948,"126":0.041759368032217026,"127":0.06029896065592766}